TakeTrialActivityRewardScRsp,2633
TakeTrialActivityRewardCsReq,2668
TakeMonsterResearchActivityRewardCsReq,2673
LeaveTrialActivityScRsp,2632
GetLoginActivityCsReq,2618
SubmitMonsterResearchActivityMaterialCsReq,2640
StartTrialActivityScRsp,2667
EnterTrialActivityStageScRsp,2620
TakeLoginActivityRewardCsReq,2629
TakeMonsterResearchActivityRewardScRsp,2608
StartTrialActivityCsReq,2690
GetActivityScheduleConfigScRsp,2649
TrialActivityDataChangeScNotify,2700
GetMonsterResearchActivityDataScRsp,2662
TakeLoginActivityRewardScRsp,2637
GetMonsterResearchActivityDataCsReq,2691
SubmitMonsterResearchActivityMaterialScRsp,2648
CurTrialActivityScNotify,2694
LeaveTrialActivityCsReq,2603
GetTrialActivityDataScRsp,2688
EnterTrialActivityStageCsReq,2610
GetActivityScheduleConfigCsReq,2658
GetLoginActivityScRsp,2674
GetTrialActivityDataCsReq,2636
GetFarmStageGachaInfoCsReq,1329
EnterAdventureScRsp,1374
GetFarmStageGachaInfoScRsp,1337
EnterAdventureCsReq,1318
StartAetherDivideStageBattleCsReq,4873
StartAetherDivideStageBattleScRsp,4808
ClearAetherDividePassiveSkillScRsp,4862
AetherDivideLineupScNotify,4859
AetherDivideFinishChallengeScNotify,4847
AetherDivideSpiritInfoScNotify,4877
GetAetherDivideInfoScRsp,4857
SwitchAetherDivideLineUpSlotCsReq,4840
SetAetherDivideLineUpCsReq,4846
AetherDivideTakeChallengeRewardScRsp,4806
AetherDivideRefreshEndlessCsReq,4802
AetherDivideRefreshEndlessScNotify,4809
LeaveAetherDivideSceneScRsp,4837
ClearAetherDividePassiveSkillCsReq,4891
EnterAetherDivideSceneScRsp,4874
GetAetherDivideChallengeInfoScRsp,4892
AetherDivideTakeChallengeRewardCsReq,4856
EnterAetherDivideSceneCsReq,4818
SetAetherDivideLineUpScRsp,4898
LeaveAetherDivideSceneCsReq,4829
AetherDivideSkillItemScNotify,4838
AetherDivideTainerInfoScNotify,4861
StartAetherDivideSceneBattleScRsp,4849
StartAetherDivideSceneBattleCsReq,4858
EquipAetherDividePassiveSkillCsReq,4883
SwitchAetherDivideLineUpSlotScRsp,4848
GetAetherDivideChallengeInfoCsReq,4824
AetherDivideRefreshEndlessScRsp,4813
StartAetherDivideChallengeBattleScRsp,4841
AetherDivideSpiritExpUpCsReq,4811
AetherDivideSpiritExpUpScRsp,4821
StartAetherDivideChallengeBattleCsReq,4828
EquipAetherDividePassiveSkillScRsp,4822
GetAetherDivideInfoCsReq,4889
SaveLogisticsScRsp,4792
TakePrestigeRewardCsReq,4789
AlleyFundsScNotify,4711
AlleyShopLevelScNotify,4721
GetSaveLogisticsMapCsReq,4738
AlleyShipmentEventEffectsScNotify,4761
AlleyEventEffectNotify,4764
StartAlleyEventScRsp,4741
AlleyTakeEventRewardCsReq,4709
AlleyGuaranteedFundsScRsp,4713
TakePrestigeRewardScRsp,4757
AlleyPlacingGameCsReq,4746
LogisticsScoreRewardSyncInfoScNotify,4780
AlleyShipUsedCountScNotify,4759
GetSaveLogisticsMapScRsp,4782
AlleyPlacingGameScRsp,4798
RefreshAlleyOrderScRsp,4762
RefreshAlleyOrderCsReq,4791
SaveLogisticsCsReq,4724
AlleyGuaranteedFundsCsReq,4702
LogisticsGameCsReq,4729
LogisticsGameScRsp,4737
LogisticsDetonateStarSkiffScRsp,4770
GetAlleyInfoCsReq,4718
PrestigeLevelUpScRsp,4708
AlleyEventChangeNotify,4719
AlleyTakeEventRewardScRsp,4756
PrestigeLevelUpCsReq,4773
GetAlleyInfoScRsp,4774
AlleyShipUnlockScNotify,4777
AlleyOrderChangedScNotify,4740
LogisticsDetonateStarSkiffCsReq,4706
LogisticsInfoScNotify,4747
StartAlleyEventCsReq,4728
GetUpdatedArchiveDataCsReq,2329
GetArchiveDataScRsp,2374
GetArchiveDataCsReq,2318
GetUpdatedArchiveDataScRsp,2337
DressAvatarSkinScRsp,311
RankUpAvatarCsReq,398
RankUpAvatarScRsp,383
MarkAvatarCsReq,392
TakeOffRelicCsReq,362
TakePromotionRewardCsReq,348
LevelUpSpecialSkillTreeCsReq,361
UnlockSpecialSkillTreeScNotify,382
LevelUpSpecialSkillTreeScRsp,338
UnlockSkilltreeCsReq,358
DressAvatarSkinCsReq,308
TakeOffRelicScRsp,340
DressRelicAvatarCsReq,322
DressAvatarScRsp,364
UnlockSkilltreeScRsp,349
PromoteAvatarScRsp,341
AvatarExpUpCsReq,329
AddAvatarScNotify,346
TakeOffAvatarSkinScRsp,377
TakePromotionRewardScRsp,373
GetAvatarDataScRsp,374
PromoteAvatarCsReq,328
DressAvatarCsReq,319
DressRelicAvatarScRsp,391
MarkAvatarScRsp,347
TakeOffAvatarSkinCsReq,321
GetAvatarDataCsReq,318
UnlockAvatarSkinScNotify,324
TakeOffEquipmentScRsp,357
AvatarExpUpScRsp,337
TakeOffEquipmentCsReq,389
SyncClientResVersionScRsp,141
QuitBattleScRsp,137
ServerSimulateBattleFinishScNotify,157
BattleLogReportCsReq,164
PVEBattleResultScRsp,174
ReBattleAfterBattleLoseCsNotify,146
SyncClientResVersionCsReq,128
QuitBattleScNotify,119
BattleLogReportScRsp,189
GetCurBattleInfoScRsp,149
PVEBattleResultCsReq,118
QuitBattleCsReq,129
RebattleByClientCsNotify,198
GetCurBattleInfoCsReq,158
GetBattleCollegeDataCsReq,5718
StartBattleCollegeCsReq,5737
BattleCollegeDataChangeScNotify,5729
GetBattleCollegeDataScRsp,5774
StartBattleCollegeScRsp,5758
TakeBpRewardCsReq,3037
TakeBpRewardScRsp,3058
BattlePassInfoNotify,3018
BuyBpLevelScRsp,3028
TakeAllRewardScRsp,3019
TakeAllRewardCsReq,3041
BuyBpLevelCsReq,3049
MatchBoxingClubOpponentCsReq,4229
GetBoxingClubInfoCsReq,4218
GiveUpBoxingClubChallengeScRsp,4241
SetBoxingClubResonanceLineupCsReq,4246
ChooseBoxingClubResonanceScRsp,4257
BoxingClubRewardScNotify,4219
GetBoxingClubInfoScRsp,4274
StartBoxingClubBattleScRsp,4249
ChooseBoxingClubResonanceCsReq,4289
SetBoxingClubResonanceLineupScRsp,4298
ChooseBoxingClubStageOptionalBuffScRsp,4222
BoxingClubChallengeUpdateScNotify,4264
StartBoxingClubBattleCsReq,4258
MatchBoxingClubOpponentScRsp,4237
GiveUpBoxingClubChallengeCsReq,4228
ChooseBoxingClubStageOptionalBuffCsReq,4283
GetChallengeGroupStatisticsScRsp,1762
GetCurChallengeScRsp,1789
LeaveChallengeScRsp,1749
TakeChallengeRewardCsReq,1783
EnterChallengeNextPhaseCsReq,1721
ChallengeSettleNotify,1728
LeaveChallengeCsReq,1758
StartChallengeCsReq,1729
GetCurChallengeCsReq,1764
RestartChallengePhaseCsReq,1708
EnterChallengeNextPhaseScRsp,1777
GetChallengeGroupStatisticsCsReq,1791
StartPartialChallengeCsReq,1740
StartChallengeScRsp,1737
GetChallengeScRsp,1774
GetChallengeCsReq,1718
StartPartialChallengeScRsp,1748
TakeChallengeRewardScRsp,1722
ChallengeLineupNotify,1757
RestartChallengePhaseScRsp,1711
ChallengeBossPhaseSettleNotify,1724
GetLoginChatInfoCsReq,3983
SendMsgScRsp,3974
RevcMsgScNotify,3929
PrivateMsgOfflineUsersScNotify,3937
MarkChatEmojiScRsp,3957
GetChatFriendHistoryCsReq,3928
GetLoginChatInfoScRsp,3922
GetChatFriendHistoryScRsp,3941
SendMsgCsReq,3918
GetChatEmojiListCsReq,3919
MarkChatEmojiCsReq,3989
GetChatEmojiListScRsp,3964
GetPrivateChatHistoryScRsp,3949
GetPrivateChatHistoryCsReq,3958
BatchMarkChatEmojiScRsp,3998
BatchMarkChatEmojiCsReq,3946
ChessRogueRollDiceScRsp,5471
FinishChessRogueSubStoryScRsp,5407
ChessRogueUpdateDicePassiveAccumulateValueScNotify,5548
ChessRogueUpdateAeonModifierValueScNotify,5475
GetChessRogueNousStoryInfoScRsp,5466
ChessRogueQueryBpCsReq,5564
ChessRogueGiveUpRollScRsp,5455
ChessRogueLeaveScRsp,5587
ChessRogueSkipTeachingLevelCsReq,5519
ChessRogueUpdateDiceInfoScNotify,5447
FinishChessRogueSubStoryCsReq,5411
ChessRogueNousGetRogueTalentInfoCsReq,5539
ChessRogueEnterCellCsReq,5493
SyncChessRogueMainStoryFinishScNotify,5438
ChessRogueRollDiceCsReq,5450
ChessRogueCheatRollScRsp,5567
ChessRogueSelectBpCsReq,5406
ChessRogueEnterNextLayerCsReq,5473
ChessRogueCellUpdateNotify,5412
ChessRogueMoveCellNotify,5536
ChessRogueQueryAeonDimensionsScRsp,5576
ChessRogueUpdateReviveInfoScNotify,5420
EnterChessRogueAeonRoomCsReq,5452
ChessRogueNousEditDiceCsReq,5445
EnhanceChessRogueBuffScRsp,5505
GetChessRogueStoryAeonTalkInfoScRsp,5500
ChessRogueSelectCellScRsp,5442
EnhanceChessRogueBuffCsReq,5404
ChessRogueChangeyAeonDimensionNotify,5512
ChessRogueSelectBpScRsp,5526
ChessRogueLeaveCsReq,5507
ChessRogueReviveAvatarScRsp,5470
ChessRogueConfirmRollCsReq,5415
ChessRogueEnterScRsp,5590
ChessRogueLayerAccountInfoNotify,5565
ChessRogueNousEnableRogueTalentCsReq,5531
ChessRogueEnterCsReq,5521
GetChessRogueBuffEnhanceInfoScRsp,5421
ChessRogueGoAheadCsReq,5504
ChessRogueQuitCsReq,5549
ChessRogueSkipTeachingLevelScRsp,5489
GetChessRogueStoryAeonTalkInfoCsReq,5456
SelectChessRogueSubStoryScRsp,5517
ChessRogueNousGetRogueTalentInfoScRsp,5571
ChessRogueStartScRsp,5570
ChessRogueGiveUpCsReq,5524
GetChessRogueBuffEnhanceInfoCsReq,5534
EnterChessRogueAeonRoomScRsp,5435
SelectChessRogueNousSubStoryScRsp,5535
ChessRogueNousEditDiceScRsp,5463
ChessRogueStartCsReq,5511
ChessRogueGiveUpScRsp,5481
SelectChessRogueSubStoryCsReq,5427
ChessRoguePickAvatarScRsp,5441
ChessRogueSelectCellCsReq,5513
SyncChessRogueNousSubStoryScNotify,5402
ChessRogueQueryBpScRsp,5479
ChessRogueEnterCellScRsp,5516
GetChessRogueStoryInfoScRsp,5575
ChessRogueUpdateActionPointScNotify,5425
ChessRogueNousDiceUpdateNotify,5542
GetChessRogueNousStoryInfoCsReq,5480
ChessRogueGoAheadScRsp,5529
ChessRogueQuitScRsp,5588
ChessRogueQueryCsReq,5458
FinishChessRogueNousSubStoryCsReq,5579
ChessRogueFinishCurRoomNotify,5439
ChessRogueUpdateBoardScNotify,5515
SyncChessRogueNousMainStoryScNotify,5419
ChessRogueConfirmRollScRsp,5428
ChessRogueQueryScRsp,5484
ChessRogueGiveUpRollCsReq,5448
ChessRogueEnterNextLayerScRsp,5582
FinishChessRogueNousSubStoryScRsp,5560
ChessRogueUpdateUnlockLevelScNotify,5472
ChessRogueUpdateMoneyInfoScNotify,5594
SelectChessRogueNousSubStoryCsReq,5566
ChessRogueReviveAvatarCsReq,5518
GetChessRogueStoryInfoCsReq,5482
ChessRogueUpdateAllowedSelectCellScNotify,5464
ChessRoguePickAvatarCsReq,5495
ChessRogueNousDiceSurfaceUnlockNotify,5426
ChessRogueCheatRollCsReq,5444
ChessRogueReRollDiceScRsp,5555
ChessRogueReRollDiceCsReq,5424
SyncChessRogueNousValueScNotify,5437
ChessRogueNousEnableRogueTalentScRsp,5449
ChessRogueUpdateLevelBaseInfoScNotify,5546
ChessRogueQueryAeonDimensionsCsReq,5510
ChessRogueQuestFinishNotify,5578
ClockParkBattleEndScNotify,7291
ClockParkStartScriptScRsp,7241
ClockParkHandleWaitOperationCsReq,7289
ClockParkGetInfoScRsp,7274
ClockParkGetInfoCsReq,7218
ClockParkQuitScriptCsReq,7246
ClockParkHandleWaitOperationScRsp,7257
ClockParkUseBuffCsReq,7240
ClockParkGetOngoingScriptInfoCsReq,7219
ClockParkStartScriptCsReq,7228
ClockParkUseBuffScRsp,7248
ClockParkGetOngoingScriptInfoScRsp,7264
ClockParkUnlockTalentScRsp,7249
ClockParkQuitScriptScRsp,7298
ClockParkFinishScriptScNotify,7273
ClockParkUnlockTalentCsReq,7258
ContentPackageGetDataCsReq,7519
ContentPackageSyncDataScNotify,7506
ContentPackageUnlockScRsp,7537
ContentPackageUnlockCsReq,7545
ContentPackageTransferScNotify,7520
ContentPackageGetDataScRsp,7529
DailyActiveInfoNotify,3358
TakeApRewardScRsp,3374
TakeAllApRewardCsReq,3349
TakeApRewardCsReq,3318
GetDailyActiveInfoScRsp,3337
TakeAllApRewardScRsp,3328
GetDailyActiveInfoCsReq,3329
MakeMissionDrinkCsReq,6989
DrinkMakerChallengeScRsp,6981
GetDrinkMakerDataCsReq,6994
DrinkMakerChallengeCsReq,6999
MakeDrinkCsReq,6993
EndDrinkMakerSequenceCsReq,6983
DrinkMakerUpdateTipsNotify,6990
MakeMissionDrinkScRsp,6986
GetDrinkMakerDataScRsp,6997
EndDrinkMakerSequenceScRsp,6984
DrinkMakerDayEndScNotify,6992
MakeDrinkScRsp,6985
EvolveBuildQueryInfoScRsp,7129
EvolveBuildStartStageScRsp,7120
EvolveBuildStartStageCsReq,7137
EvolveBuildGiveupCsReq,7112
EvolveBuildLeaveScRsp,7150
EvolveBuildShopAbilityDownCsReq,7124
EvolveBuildReRandomStageCsReq,7105
EvolveBuildStartLevelCsReq,7106
EvolveBuildShopAbilityUpScRsp,7131
EvolveBuildTakeExpRewardCsReq,7148
EvolveBuildUnlockInfoNotify,7123
EvolveBuildCoinNotify,7139
EvolveBuildFinishScNotify,7101
EvolveBuildGiveupScRsp,7121
EvolveBuildShopAbilityUpCsReq,7113
EvolveBuildShopAbilityResetCsReq,7117
EvolveBuildTakeExpRewardScRsp,7144
EvolveBuildQueryInfoCsReq,7119
EvolveBuildShopAbilityDownScRsp,7116
EvolveBuildReRandomStageScRsp,7103
EvolveBuildStartLevelScRsp,7145
EvolveBuildShopAbilityResetScRsp,7149
EvolveBuildLeaveCsReq,7109
TakeMultipleExpeditionRewardCsReq,2562
CancelExpeditionCsReq,2558
AcceptMultipleExpeditionScRsp,2591
TakeMultipleExpeditionRewardScRsp,2540
AcceptActivityExpeditionCsReq,2564
GetExpeditionDataCsReq,2518
CancelActivityExpeditionCsReq,2557
AcceptExpeditionScRsp,2537
CancelExpeditionScRsp,2549
AcceptMultipleExpeditionCsReq,2522
ExpeditionDataChangeScNotify,2519
TakeActivityExpeditionRewardScRsp,2583
TakeExpeditionRewardCsReq,2528
CancelActivityExpeditionScRsp,2546
AcceptExpeditionCsReq,2529
AcceptActivityExpeditionScRsp,2589
TakeActivityExpeditionRewardCsReq,2598
TakeExpeditionRewardScRsp,2541
GetExpeditionDataScRsp,2574
EnterFantasticStoryActivityStageScRsp,4958
EnterFantasticStoryActivityStageCsReq,4937
FinishChapterScNotify,4929
GetFantasticStoryActivityDataCsReq,4918
GetFantasticStoryActivityDataScRsp,4974
FantasticStoryActivityBattleEndScNotify,4949
FeverTimeActivityBattleEndScNotify,7157
EnterFeverTimeActivityStageCsReq,7152
GetFeverTimeActivityDataCsReq,7160
GetFeverTimeActivityDataScRsp,7156
EnterFeverTimeActivityStageScRsp,7155
FightLeaveScNotify,30029
FightHeartBeatCsReq,30058
FightEnterScRsp,30074
FightHeartBeatScRsp,30049
FightKickOutScNotify,30037
FightEnterCsReq,30018
FightSessionStopScNotify,30028
GetFightActivityDataCsReq,3618
EnterFightActivityStageCsReq,3637
GetFightActivityDataScRsp,3674
EnterFightActivityStageScRsp,3658
FightActivityDataChangeScNotify,3629
TakeFightActivityRewardCsReq,3649
TakeFightActivityRewardScRsp,3628
FightMatch3DataScRsp,30174
FightMatch3StartCountDownScNotify,30129
FightMatch3ChatScNotify,30189
FightMatch3SwapCsReq,30149
FightMatch3ChatCsReq,30119
FightMatch3TurnStartScNotify,30137
FightMatch3SwapScRsp,30128
FightMatch3ChatScRsp,30164
FightMatch3ForceUpdateNotify,30157
FightMatch3TurnEndScNotify,30158
FightMatch3DataCsReq,30118
FightMatch3OpponentDataScNotify,30141
GetPlayerDetailInfoCsReq,2929
GetFriendChallengeDetailCsReq,2910
GetPlatformPlayerInfoScRsp,2939
GetAssistListCsReq,2961
SetFriendMarkCsReq,2942
TakeAssistRewardCsReq,2970
GetFriendBattleRecordDetailCsReq,2968
GetFriendDevelopmentInfoScRsp,2967
GetFriendLoginInfoScRsp,2975
GetFriendLoginInfoCsReq,2914
NewAssistHistoryNotify,2906
GetAssistHistoryCsReq,2909
GetFriendRecommendListInfoScRsp,2948
ApplyFriendScRsp,2941
SetForbidOtherApplyFriendCsReq,2953
SyncHandleFriendScNotify,2957
SetFriendRemarkNameScRsp,2908
SetFriendMarkScRsp,2945
GetCurAssistScRsp,2913
DeleteBlacklistScRsp,2924
SearchPlayerScRsp,2947
SetFriendRemarkNameCsReq,2973
GetFriendListInfoCsReq,2918
TakeAssistRewardScRsp,2980
SearchPlayerCsReq,2992
GetFriendRecommendListInfoCsReq,2940
DeleteFriendCsReq,2946
ReportPlayerScRsp,2921
SyncAddBlacklistScNotify,2962
GetAssistHistoryScRsp,2956
ReportPlayerCsReq,2911
CurAssistChangedNotify,2923
HandleFriendCsReq,2964
ApplyFriendCsReq,2928
SetForbidOtherApplyFriendScRsp,2912
GetFriendChallengeLineupScRsp,3000
GetPlayerDetailInfoScRsp,2937
SetAssistScRsp,2959
AddBlacklistScRsp,2991
GetPlatformPlayerInfoCsReq,2987
GetFriendChallengeDetailScRsp,2920
GetFriendApplyListInfoCsReq,2958
GetFriendAssistListCsReq,2916
GetFriendDevelopmentInfoCsReq,2990
GetFriendChallengeLineupCsReq,2988
GetFriendApplyListInfoScRsp,2949
AddBlacklistCsReq,2922
GetFriendListInfoScRsp,2974
GetFriendBattleRecordDetailScRsp,2933
GetCurAssistCsReq,2902
SetAssistCsReq,2982
GetFriendAssistListScRsp,2936
HandleFriendScRsp,2989
DeleteBlacklistCsReq,2977
DeleteFriendScRsp,2998
SyncDeleteFriendScNotify,2983
GetAssistListScRsp,2938
SyncApplyFriendScNotify,2919
DoGachaScRsp,1937
ExchangeGachaCeilingScRsp,1941
GetGachaCeilingScRsp,1949
GetGachaInfoScRsp,1974
ExchangeGachaCeilingCsReq,1928
GetGachaCeilingCsReq,1958
DoGachaCsReq,1929
GetGachaInfoCsReq,1918
FinishEmotionDialoguePerformanceScRsp,6341
GetHeartDialInfoScRsp,6374
HeartDialScriptChangeScNotify,6319
SubmitEmotionItemScRsp,6349
SubmitEmotionItemCsReq,6358
HeartDialTraceScriptScRsp,6389
HeartDialTraceScriptCsReq,6364
GetHeartDialInfoCsReq,6318
ChangeScriptEmotionCsReq,6329
ChangeScriptEmotionScRsp,6337
FinishEmotionDialoguePerformanceCsReq,6328
HeliobusEnterBattleScRsp,5873
HeliobusSnsReadCsReq,5829
HeliobusActivityDataScRsp,5874
HeliobusSnsReadScRsp,5837
HeliobusSnsCommentCsReq,5819
HeliobusActivityDataCsReq,5818
HeliobusSnsLikeCsReq,5828
HeliobusLineupUpdateScNotify,5877
HeliobusUpgradeLevelCsReq,5846
HeliobusSnsPostCsReq,5858
HeliobusChallengeUpdateScNotify,5821
HeliobusStartRaidScRsp,5811
HeliobusUnlockSkillScNotify,5883
HeliobusSnsLikeScRsp,5841
HeliobusSnsPostScRsp,5849
HeliobusInfoChangedScNotify,5857
HeliobusEnterBattleCsReq,5848
HeliobusSelectSkillScRsp,5891
HeliobusUpgradeLevelScRsp,5898
HeliobusStartRaidCsReq,5808
HeliobusSnsUpdateScNotify,5889
HeliobusSelectSkillCsReq,5822
HeliobusSnsCommentScRsp,5864
ComposeSelectedRelicCsReq,521
ExpUpRelicScRsp,522
ComposeItemCsReq,546
LockRelicScRsp,562
RankUpEquipmentCsReq,519
GetMarkItemListCsReq,502
SyncTurnFoodNotify,570
LockEquipmentCsReq,558
ExpUpRelicCsReq,583
RelicAvatarRecommendScRsp,542
MarkItemCsReq,509
GetRelicFilterPlanScRsp,516
ComposeLimitNumUpdateNotify,538
GetMarkItemListScRsp,513
DeleteRelicFilterPlanCsReq,520
AddRelicFilterPlanCsReq,536
AddEquipmentScNotify,524
ComposeSelectedRelicScRsp,577
UseItemScRsp,541
DeleteRelicFilterPlanScRsp,568
GetRecyleTimeCsReq,592
ComposeLimitNumCompleteNotify,561
MarkRelicFilterPlanScRsp,590
DestroyItemCsReq,582
ComposeItemScRsp,598
DestroyItemScRsp,559
UseItemCsReq,528
MarkRelicFilterPlanCsReq,533
RechargeSuccNotify,573
AddRelicFilterPlanScRsp,588
SellItemScRsp,548
LockRelicCsReq,591
GetBagScRsp,574
ExpUpEquipmentScRsp,557
MarkItemScRsp,556
RelicFilterPlanClearNameScNotify,567
SetTurnFoodSwitchCsReq,580
ModifyRelicFilterPlanScRsp,510
GetBagCsReq,518
DiscardRelicCsReq,539
SetTurnFoodSwitchScRsp,523
PromoteEquipmentCsReq,529
RelicRecommendCsReq,575
SellItemCsReq,540
GeneralVirtualItemDataNotify,587
LockEquipmentScRsp,549
ExchangeHcoinScRsp,511
ModifyRelicFilterPlanCsReq,600
GetRelicFilterPlanCsReq,545
ExchangeHcoinCsReq,508
ExpUpEquipmentCsReq,589
CancelMarkItemNotify,506
GetRecyleTimeScRsp,547
PromoteEquipmentScRsp,537
DiscardRelicScRsp,514
RelicRecommendScRsp,553
RelicAvatarRecommendCsReq,512
RankUpEquipmentScRsp,564
GetJukeboxDataScRsp,3174
TrialBackGroundMusicScRsp,3141
UnlockBackGroundMusicCsReq,3158
PlayBackGroundMusicCsReq,3129
UnlockBackGroundMusicScRsp,3149
TrialBackGroundMusicCsReq,3128
PlayBackGroundMusicScRsp,3137
GetJukeboxDataCsReq,3118
QuitLineupCsReq,728
SwapLineupCsReq,719
GetAllLineupDataScRsp,773
SetLineupNameCsReq,762
ChangeLineupLeaderCsReq,798
SetLineupNameScRsp,740
JoinLineupCsReq,758
ChangeLineupLeaderScRsp,783
QuitLineupScRsp,741
ReplaceLineupScRsp,721
GetStageLineupScRsp,774
VirtualLineupDestroyNotify,708
SwapLineupScRsp,764
SyncLineupNotify,789
GetLineupAvatarDataCsReq,757
GetLineupAvatarDataScRsp,746
GetCurLineupDataCsReq,729
GetCurLineupDataScRsp,737
SwitchLineupIndexCsReq,722
ReplaceLineupCsReq,711
GetStageLineupCsReq,718
GetAllLineupDataCsReq,748
ExtraLineupDestroyNotify,777
SwitchLineupIndexScRsp,791
JoinLineupScRsp,749
LobbySyncInfoScNotify,7351
LobbyGetInfoScRsp,7374
LobbyQuitScRsp,7360
LobbyCreateScRsp,7379
LobbyQuitCsReq,7391
LobbyInviteScRsp,7353
LobbyGetInfoCsReq,7381
LobbyInviteCsReq,7355
LobbyModifyPlayerInfoCsReq,7362
LobbyJoinScRsp,7395
LobbyBeginScRsp,7370
LobbyJoinCsReq,7356
LobbyKickOutCsReq,7359
LobbyBeginCsReq,7387
LobbyKickOutScRsp,7400
LobbyInviteScNotify,7363
LobbyCreateCsReq,7369
LobbyModifyPlayerInfoScRsp,7371
MarkReadMailCsReq,829
TakeMailAttachmentScRsp,841
NewMailScNotify,819
MarkReadMailScRsp,837
GetMailScRsp,874
GetMailCsReq,818
DelMailScRsp,849
DelMailCsReq,858
TakeMailAttachmentCsReq,828
InteractChargerScRsp,6837
DeployRotaterCsReq,6858
EnterMapRotationRegionScRsp,6874
GetMapRotationDataScRsp,6857
EnterMapRotationRegionCsReq,6818
RotateMapScRsp,6841
GetMapRotationDataCsReq,6889
RotateMapCsReq,6828
RemoveRotaterCsReq,6862
LeaveMapRotationRegionCsReq,6819
RemoveRotaterScRsp,6840
InteractChargerCsReq,6829
UpdateEnergyScNotify,6822
UpdateMapRotationDataScNotify,6891
DeployRotaterScRsp,6849
LeaveMapRotationRegionScNotify,6883
ResetMapRotationRegionScRsp,6898
UpdateRotaterScNotify,6848
LeaveMapRotationRegionScRsp,6864
ResetMapRotationRegionCsReq,6846
StartMatchCsReq,7319
StartMatchScRsp,7329
GetCrossInfoCsReq,7320
GetCrossInfoScRsp,7312
MatchResultScNotify,7337
CancelMatchScRsp,7345
CancelMatchCsReq,7306
MatchThreeSyncDataScNotify,7437
MatchThreeGetDataScRsp,7429
MatchThreeLevelEndCsReq,7406
MatchThreeSetBirdPosScRsp,7412
MatchThreeLevelEndScRsp,7445
MatchThreeSetBirdPosCsReq,7420
MatchThreeGetDataCsReq,7419
FinishSectionIdCsReq,2728
FinishPerformSectionIdCsReq,2719
GetNpcStatusCsReq,2729
FinishPerformSectionIdScRsp,2764
GetNpcStatusScRsp,2737
FinishItemIdScRsp,2749
FinishSectionIdScRsp,2741
FinishItemIdCsReq,2758
GetNpcMessageGroupScRsp,2774
GetNpcMessageGroupCsReq,2718
GetShareDataCsReq,4129
SubmitOrigamiItemCsReq,4183
ShareCsReq,4118
GetMovieRacingDataScRsp,4108
CancelCacheNotifyCsReq,4119
SecurityReportCsReq,4189
TriggerVoiceScRsp,4198
SubmitOrigamiItemScRsp,4122
GetMovieRacingDataCsReq,4173
ShareScRsp,4174
GetGunPlayDataScRsp,4124
TriggerVoiceCsReq,4146
GetShareDataScRsp,4137
TakePictureCsReq,4158
GetGunPlayDataCsReq,4177
UpdateMovieRacingDataCsReq,4111
UpdateGunPlayDataCsReq,4192
CancelCacheNotifyScRsp,4164
TakePictureScRsp,4149
UpdateMovieRacingDataScRsp,4121
UpdateGunPlayDataScRsp,4147
SecurityReportScRsp,4157
SetMissionEventProgressCsReq,1221
FinishCosumeItemMissionScRsp,1298
GetMissionEventDataCsReq,1283
GetMainMissionCustomValueScRsp,1213
UpdateTrackMainMissionIdScRsp,1270
StartFinishMainMissionScNotify,1238
SyncTaskScRsp,1228
AcceptMainMissionScRsp,1259
AcceptMissionEventCsReq,1262
StartFinishSubMissionScNotify,1261
GetMainMissionCustomValueCsReq,1202
InterruptMissionEventCsReq,1208
FinishTalkMissionCsReq,1229
MissionAcceptScNotify,1209
AcceptMainMissionCsReq,1282
AcceptMissionEventScRsp,1240
TeleportToMissionResetPointCsReq,1292
MissionRewardScNotify,1258
SyncTaskCsReq,1249
GetMissionDataCsReq,1218
InterruptMissionEventScRsp,1211
FinishTalkMissionScRsp,1237
GetMissionStatusCsReq,1248
TeleportToMissionResetPointScRsp,1247
FinishCosumeItemMissionCsReq,1246
GetMissionStatusScRsp,1273
SetMissionEventProgressScRsp,1277
DailyTaskDataScNotify,1241
MissionGroupWarnScNotify,1257
GetMissionEventDataScRsp,1222
SubMissionRewardScNotify,1224
MissionEventRewardScNotify,1291
UpdateTrackMainMissionIdCsReq,1206
GetMissionDataScRsp,1274
GetMbtiReportScRsp,7090
MonopolySelectOptionCsReq,7064
GetMbtiReportCsReq,7033
MonopolyLikeScRsp,7020
MonopolyGameSettleScNotify,7059
DailyFirstEnterMonopolyActivityScRsp,7098
MonopolyDailySettleScNotify,7036
MonopolyConfirmRandomScRsp,7048
MonopolyRollDiceScRsp,7028
MonopolyCheatDiceCsReq,7092
MonopolyGameRaiseRatioScRsp,7082
MonopolyScrachRaffleTicketScRsp,7071
MonopolyGetRegionProgressScRsp,7054
MonopolyGuessChooseCsReq,7023
MonopolyClickCellCsReq,7035
MonopolyGameRaiseRatioCsReq,7038
MonopolyAcceptQuizCsReq,7006
MonopolyLikeCsReq,7010
DeleteSocialEventServerCacheCsReq,7084
MonopolyGetRegionProgressCsReq,7095
GetMonopolyDailyReportScRsp,7052
MonopolyCellUpdateNotify,7037
MonopolyContentUpdateScNotify,7061
MonopolyGetRaffleTicketCsReq,7001
MonopolyEventLoadUpdateScNotify,7093
MonopolyLikeScNotify,7068
MonopolyGiveUpCurContentScRsp,7024
MonopolyGuessDrawScNotify,7075
MonopolyRollRandomScRsp,7022
MonopolyClickMbtiReportScRsp,7055
MonopolyGuessBuyInformationScRsp,7014
MonopolyClickCellScRsp,7069
GetMonopolyMbtiReportRewardCsReq,7026
MonopolyEventSelectFriendScRsp,7003
MonopolySelectOptionScRsp,7089
MonopolyEventSelectFriendCsReq,7067
MonopolyReRollRandomScRsp,7062
MonopolyAcceptQuizScRsp,7070
DailyFirstEnterMonopolyActivityCsReq,7046
MonopolyGuessChooseScRsp,7087
MonopolyTakePhaseRewardScRsp,7085
DeleteSocialEventServerCacheScRsp,7076
MonopolyGiveUpCurContentCsReq,7077
GetSocialEventServerCacheCsReq,7094
MonopolyClickMbtiReportCsReq,7066
MonopolyMoveCsReq,7041
MonopolyGetDailyInitItemScRsp,7060
MonopolyGameGachaCsReq,7002
MonopolyBuyGoodsCsReq,7073
MonopolyScrachRaffleTicketCsReq,7081
MonopolyRollRandomCsReq,7083
GetMonopolyDailyReportCsReq,7030
MonopolyGetRafflePoolInfoScRsp,7065
MonopolyTakePhaseRewardCsReq,7099
MonopolySocialEventEffectScNotify,7032
MonopolyBuyGoodsScRsp,7008
GetMonopolyInfoScRsp,7074
GetSocialEventServerCacheScRsp,7078
MonopolyGetDailyInitItemCsReq,7044
MonopolyQuizDurationChangeScNotify,7053
MonopolyCheatDiceScRsp,7047
GetMonopolyFriendRankingListScRsp,7100
MonopolyReRollRandomCsReq,7091
GetMonopolyMbtiReportRewardScRsp,7086
MonopolyActionResultScNotify,7029
MonopolyGameBingoFlipCardScRsp,7056
MonopolyConditionUpdateScNotify,7097
MonopolyGameGachaScRsp,7013
MonopolyGetRaffleTicketScRsp,7034
MonopolyTakeRaffleTicketRewardCsReq,7017
MonopolyGetRafflePoolInfoCsReq,7031
MonopolySttUpdateScNotify,7005
MonopolyMoveScRsp,7019
MonopolyGameCreateScNotify,7080
MonopolyRollDiceCsReq,7049
MonopolyTakeRaffleTicketRewardScRsp,7051
GetMonopolyFriendRankingListCsReq,7088
MonopolyGuessBuyInformationCsReq,7039
MonopolyConfirmRandomCsReq,7040
MonopolyGameBingoFlipCardCsReq,7009
GetMonopolyInfoCsReq,7018
MonopolyUpgradeAssetScRsp,7021
MonopolyUpgradeAssetCsReq,7011
MultiplayerFightGiveUpCsReq,1058
MultiplayerFightGiveUpScRsp,1049
MultiplayerGetFightGateCsReq,1029
MultiplayerMatch3FinishScNotify,1019
MultiplayerFightGameStateScRsp,1074
MultiplayerFightGameStateCsReq,1018
MultiplayerFightGameFinishScNotify,1041
MultiplayerFightGameStartScNotify,1028
MultiplayerGetFightGateScRsp,1037
GetPlayerReturnMultiDropInfoCsReq,4637
GetPlayerReturnMultiDropInfoScRsp,4658
MultipleDropInfoNotify,4649
GetMultipleDropInfoCsReq,4618
GetMultipleDropInfoScRsp,4674
MultipleDropInfoScNotify,4629
SetStuffToAreaCsReq,4358
BuyNpcStuffScRsp,4337
UpgradeAreaScRsp,4398
MuseumDispatchFinishedScNotify,4321
GetStuffScNotify,4319
UpgradeAreaStatScRsp,4322
MuseumTakeCollectRewardCsReq,4347
UpgradeAreaStatCsReq,4383
MuseumRandomEventQueryCsReq,4348
MuseumRandomEventSelectCsReq,4308
GetMuseumInfoCsReq,4318
GetExhibitScNotify,4364
SetStuffToAreaScRsp,4349
MuseumFundsChangedScNotify,4362
RemoveStuffFromAreaCsReq,4328
BuyNpcStuffCsReq,4329
FinishCurTurnCsReq,4389
UpgradeAreaCsReq,4346
MuseumRandomEventQueryScRsp,4373
MuseumRandomEventSelectScRsp,4311
MuseumTargetMissionFinishNotify,4324
MuseumTargetRewardNotify,4392
GetMuseumInfoScRsp,4374
MuseumTakeCollectRewardScRsp,4361
MuseumRandomEventStartScNotify,4340
MuseumTargetStartNotify,4377
FinishCurTurnScRsp,4357
MuseumInfoChangedScNotify,4391
RemoveStuffFromAreaScRsp,4341
TakeOfferingRewardCsReq,6923
OfferingInfoScNotify,6929
GetOfferingInfoCsReq,6934
GetOfferingInfoScRsp,6937
SubmitOfferingItemCsReq,6933
TakeOfferingRewardScRsp,6924
SubmitOfferingItemScRsp,6925
SyncAcceptedPamMissionNotify,4029
AcceptedPamMissionExpireScRsp,4074
AcceptedPamMissionExpireCsReq,4018
UnlockPhoneThemeScNotify,5141
SelectChatBubbleScRsp,5137
GetPhoneDataScRsp,5174
UnlockChatBubbleScNotify,5158
SelectChatBubbleCsReq,5129
SelectPhoneThemeScRsp,5128
SelectPhoneThemeCsReq,5149
GetPhoneDataCsReq,5118
SetGenderCsReq,70
SetRedPointStatusScNotify,17
GetBasicInfoScRsp,45
PlayerLoginFinishScRsp,25
SetLanguageCsReq,47
UpdateFeatureSwitchScNotify,12
UnlockAvatarPathScRsp,66
GmTalkCsReq,64
RegionStopScNotify,62
UpdatePlayerSettingCsReq,31
ClientObjUploadCsReq,85
AvatarPathChangedNotify,60
SetAvatarPathCsReq,52
PlayerLogoutCsReq,29
StaminaInfoScNotify,54
SetPlayerInfoScRsp,87
GetAuthkeyCsReq,22
SetPlayerInfoCsReq,23
PlayerLoginFinishCsReq,76
GateServerScNotify,67
ExchangeStaminaScRsp,83
GetMultiPathAvatarInfoScRsp,44
ExchangeStaminaCsReq,98
GmTalkScNotify,41
SetGameplayBirthdayScRsp,88
UpdatePlayerSettingScRsp,65
GmTalkScRsp,89
ClientDownloadDataScNotify,53
PlayerGetTokenScRsp,49
UpdatePsnSettingsInfoCsReq,5
GetAuthkeyScRsp,91
ServerAnnounceNotify,38
GetLevelRewardTakenListCsReq,8
AceAntiCheaterScRsp,10
GetMultiPathAvatarInfoCsReq,69
QueryProductInfoCsReq,14
AceAntiCheaterCsReq,100
PlayerLoginCsReq,18
GetSecretKeyInfoCsReq,78
PlayerLogoutScRsp,37
DailyRefreshNotify,16
SetGenderScRsp,80
FeatureSwitchClosedScNotify,3
PlayerKickOutScNotify,19
PlayerLoginScRsp,74
PlayerHeartBeatScRsp,90
SetLanguageScRsp,61
GetVideoVersionKeyCsReq,1
GetBasicInfoCsReq,42
AntiAddictScNotify,40
ReserveStaminaExchangeScRsp,95
ReserveStaminaExchangeCsReq,71
SetNicknameCsReq,48
PlayerGetTokenCsReq,58
MonthCardRewardNotify,20
QueryProductInfoScRsp,75
GetSecretKeyInfoScRsp,84
RetcodeNotify,68
PlayerHeartBeatCsReq,33
GetLevelRewardCsReq,21
ClientObjUploadScRsp,93
GetLevelRewardTakenListScRsp,11
SetAvatarPathScRsp,35
GetLevelRewardScRsp,77
GetVideoVersionKeyScRsp,34
UpdatePsnSettingsInfoScRsp,26
ClientObjDownloadDataScNotify,99
SetGameplayBirthdayCsReq,36
SetNicknameScRsp,73
UnlockAvatarPathCsReq,97
SetAssistAvatarScRsp,2846
UnlockHeadIconScNotify,2819
SetSignatureScRsp,2889
SetDisplayAvatarScRsp,2849
SetDisplayAvatarCsReq,2858
SetHeadIconScRsp,2837
SetHeadIconCsReq,2829
SetAssistAvatarCsReq,2857
SetIsDisplayAvatarInfoScRsp,2841
SetIsDisplayAvatarInfoCsReq,2828
GetPlayerBoardDataCsReq,2818
GetPlayerBoardDataScRsp,2874
SetSignatureCsReq,2864
PlayerReturnTakeRewardCsReq,4528
PlayerReturnTakePointRewardCsReq,4558
PlayerReturnPointChangeScNotify,4537
PlayerReturnTakeRewardScRsp,4541
PlayerReturnSignCsReq,4574
PlayerReturnInfoQueryScRsp,4564
PlayerReturnSignScRsp,4529
PlayerReturnInfoQueryCsReq,4519
PlayerReturnTakePointRewardScRsp,4549
PlayerReturnForceFinishScNotify,4589
PlayerReturnStartScNotify,4518
FinishPlotCsReq,1118
FinishPlotScRsp,1174
TakeKilledPunkLordMonsterScoreScRsp,3238
PunkLordBattleResultScNotify,3211
TakePunkLordPointRewardCsReq,3246
GetPunkLordMonsterDataScRsp,3274
TakePunkLordPointRewardScRsp,3298
GetPunkLordBattleRecordScRsp,3202
GetKilledPunkLordMonsterDataCsReq,3221
StartPunkLordRaidCsReq,3229
StartPunkLordRaidScRsp,3237
SummonPunkLordMonsterScRsp,3241
SharePunkLordMonsterCsReq,3258
PunkLordMonsterInfoScNotify,3283
PunkLordRaidTimeOutScNotify,3240
TakeKilledPunkLordMonsterScoreCsReq,3261
GetKilledPunkLordMonsterDataScRsp,3277
SharePunkLordMonsterScRsp,3249
PunkLordDataChangeNotify,3282
PunkLordMonsterKilledNotify,3247
GetPunkLordMonsterDataCsReq,3218
SummonPunkLordMonsterCsReq,3228
GetPunkLordBattleRecordCsReq,3259
GetPunkLordDataCsReq,3222
GetPunkLordDataScRsp,3291
GetQuestRecordScRsp,941
FinishQuestCsReq,964
GetQuestDataCsReq,918
BatchGetQuestDataCsReq,983
QuestRecordScNotify,919
TakeQuestRewardCsReq,929
GetQuestDataScRsp,974
TakeQuestOptionalRewardCsReq,957
GetQuestRecordCsReq,928
TakeQuestOptionalRewardScRsp,946
BatchGetQuestDataScRsp,922
FinishQuestScRsp,989
TakeQuestRewardScRsp,937
GetRaidInfoCsReq,2289
GetAllSaveRaidScRsp,2262
DelSaveRaidScNotify,2240
StartRaidScRsp,2274
LeaveRaidCsReq,2229
GetSaveRaidScRsp,2222
ChallengeRaidNotify,2264
RaidInfoNotify,2258
SetClientRaidTargetCountScRsp,2298
GetRaidInfoScRsp,2257
SetClientRaidTargetCountCsReq,2246
RaidKickByServerScNotify,2248
StartRaidCsReq,2218
TakeChallengeRaidRewardScRsp,2219
LeaveRaidScRsp,2237
TakeChallengeRaidRewardCsReq,2241
GetAllSaveRaidCsReq,2291
GetSaveRaidCsReq,2283
GetChallengeRaidInfoScRsp,2228
GetChallengeRaidInfoCsReq,2249
RaidCollectionDataScRsp,6957
RaidCollectionDataCsReq,6954
RaidCollectionDataScNotify,6953
GetSingleRedDotParamGroupCsReq,5958
GetAllRedDotDataCsReq,5918
UpdateRedDotDataScRsp,5937
UpdateRedDotDataCsReq,5929
GetSingleRedDotParamGroupScRsp,5949
GetAllRedDotDataScRsp,5974
GetReplayTokenScRsp,3574
GetPlayerReplayInfoCsReq,3529
GetReplayTokenCsReq,3518
GetPlayerReplayInfoScRsp,3537
DailyFirstMeetPamCsReq,3429
GetRndOptionCsReq,3418
DailyFirstMeetPamScRsp,3437
GetRndOptionScRsp,3474
PickRogueAvatarCsReq,1822
FinishAeonDialogueGroupScRsp,1860
ExchangeRogueRewardKeyScRsp,1890
SyncRogueStatusScNotify,1843
ReviveRogueAvatarCsReq,1840
SyncRogueFinishScNotify,1883
EnableRogueTalentScRsp,1850
GetRogueInitialScoreCsReq,1887
SyncRogueExploreWinScNotify,1809
EnterRogueMapRoomScRsp,1823
EnterRogueMapRoomCsReq,1880
StartRogueScRsp,1837
GetRogueScoreRewardInfoCsReq,1899
EnhanceRogueBuffCsReq,1877
OpenRogueChestScRsp,1868
GetRogueScoreRewardInfoScRsp,1885
ReviveRogueAvatarScRsp,1848
SyncRogueSeasonFinishScNotify,1856
QuitRogueCsReq,1859
GetRogueBuffEnhanceInfoScRsp,1821
GetRogueTalentInfoScRsp,1866
FinishAeonDialogueGroupCsReq,1844
OpenRogueChestCsReq,1820
StartRogueCsReq,1829
GetRogueInfoScRsp,1874
GetRogueTalentInfoCsReq,1897
SyncRogueReviveInfoScNotify,1882
EnableRogueTalentCsReq,1855
TakeRogueScoreRewardCsReq,1873
SyncRogueRewardInfoScNotify,1827
TakeRogueAeonLevelRewardCsReq,1881
SyncRogueAeonLevelUpRewardScNotify,1865
SyncRogueVirtualItemInfoScNotify,1863
EnhanceRogueBuffScRsp,1824
GetRogueInfoCsReq,1818
QuitRogueScRsp,1802
ExchangeRogueRewardKeyCsReq,1833
EnterRogueCsReq,1858
SyncRogueGetItemScNotify,1851
EnterRogueScRsp,1849
LeaveRogueScRsp,1841
TakeRogueScoreRewardScRsp,1808
SyncRogueMapRoomScNotify,1814
SyncRogueAeonScNotify,1834
GetRogueAeonInfoCsReq,1835
SyncRogueAreaUnlockScNotify,1817
GetRogueBuffEnhanceInfoCsReq,1811
SyncRoguePickAvatarInfoScNotify,1872
GetRogueInitialScoreScRsp,1839
LeaveRogueCsReq,1828
TakeRogueAeonLevelRewardScRsp,1871
PickRogueAvatarScRsp,1891
GetRogueAeonInfoScRsp,1869
SyncRogueCommonVirtualItemInfoScNotify,5645
BuyRogueShopBuffScRsp,5689
GetRogueAdventureRoomInfoScRsp,5683
BuyRogueShopBuffCsReq,5664
RogueDoGambleScRsp,5669
RogueWorkbenchSelectFuncCsReq,5644
RogueWorkbenchHandleFuncScRsp,5651
GetRogueHandbookDataScRsp,5670
BuyRogueShopMiracleCsReq,5641
SyncRogueHandbookDataUpdateScNotify,5680
PrepareRogueAdventureRoomScRsp,5629
TakeRogueMiracleHandbookRewardScRsp,5687
SetRogueExhibitionScRsp,5685
CommonRogueComponentUpdateScNotify,5625
SyncRogueCommonActionResultScNotify,5675
ExchangeRogueBuffWithMiracleScRsp,5648
SyncRogueCommonDialogueDataScNotify,5684
GetRogueShopMiracleInfoScRsp,5658
CommonRogueQueryScRsp,5668
GetRogueExhibitionScRsp,5665
SetRogueCollectionScRsp,5654
ExchangeRogueBuffWithMiracleCsReq,5640
GetRogueShopBuffInfoCsReq,5649
TakeRogueEventHandbookRewardScRsp,5614
GetRogueExhibitionCsReq,5631
TakeRogueEventHandbookRewardCsReq,5639
CommonRogueQueryCsReq,5620
GetEnhanceCommonRogueBuffInfoCsReq,5673
HandleRogueCommonPendingActionScRsp,5610
RogueGetGambleInfoScRsp,5652
RogueGetGambleInfoCsReq,5630
SyncRogueAdventureRoomInfoScNotify,5618
UpdateRogueAdventureRoomScoreCsReq,5612
RogueDoGambleCsReq,5635
RogueWorkbenchGetInfoCsReq,5601
RogueNpcDisappearScRsp,5646
GetRogueShopBuffInfoScRsp,5628
SyncRogueCommonPendingActionScNotify,5653
GetRogueCommonDialogueDataScRsp,5667
StopRogueAdventureRoomCsReq,5677
RogueWorkbenchGetInfoScRsp,5634
UpdateRogueAdventureRoomScoreScRsp,5642
StopRogueAdventureRoomScRsp,5624
SyncRogueCommonDialogueOptionFinishScNotify,5676
SelectRogueCommonDialogueOptionScRsp,5632
RogueWorkbenchHandleFuncCsReq,5617
GetRogueCommonDialogueDataCsReq,5690
SelectRogueCommonDialogueOptionCsReq,5603
FinishRogueCommonDialogueCsReq,5694
TakeRogueMiracleHandbookRewardCsReq,5623
PrepareRogueAdventureRoomCsReq,5674
GetRogueHandbookDataCsReq,5606
GetRogueCollectionScRsp,5671
EnhanceCommonRogueBuffCsReq,5611
BuyRogueShopMiracleScRsp,5619
GetEnhanceCommonRogueBuffInfoScRsp,5608
SetRogueCollectionCsReq,5695
GetRogueCollectionCsReq,5681
EnhanceCommonRogueBuffScRsp,5621
CommonRogueUpdateScNotify,5633
SetRogueExhibitionCsReq,5699
GetRogueAdventureRoomInfoCsReq,5698
FinishRogueCommonDialogueScRsp,5678
RogueNpcDisappearCsReq,5657
RogueWorkbenchSelectFuncScRsp,5660
HandleRogueCommonPendingActionCsReq,5700
GetRogueShopMiracleInfoCsReq,5637
TakeRogueEndlessActivityPointRewardCsReq,6008
TakeRogueEndlessActivityAllBonusRewardCsReq,6004
GetRogueEndlessActivityDataCsReq,6002
EnterRogueEndlessActivityStageScRsp,6010
RogueEndlessActivityBattleEndScNotify,6006
TakeRogueEndlessActivityAllBonusRewardScRsp,6009
EnterRogueEndlessActivityStageCsReq,6007
GetRogueEndlessActivityDataScRsp,6005
TakeRogueEndlessActivityPointRewardScRsp,6003
RogueModifierAddNotify,5329
RogueModifierDelNotify,5319
RogueModifierSelectCellCsReq,5337
RogueModifierUpdateNotify,5341
RogueModifierStageStartNotify,5364
RogueModifierSelectCellScRsp,5358
RogueTournResetPermanentTalentScRsp,6087
RogueTournGetMiscRealTimeDataScRsp,6042
RogueTournDifficultyCompNotify,6100
RogueTournEnablePermanentTalentScRsp,6012
RogueTournLeaveRogueCocoonSceneScRsp,6022
RogueTournGetCurRogueCocoonInfoScRsp,6061
RogueTournTakeExpRewardScRsp,6081
RogueTournGetCurRogueCocoonInfoCsReq,6090
RogueTournGetAllArchiveScRsp,6034
RogueTournReEnterRogueCocoonStageScRsp,6074
RogueTournGetArchiveRepositoryCsReq,6043
RogueTournStartCsReq,6031
RogueTournGetAllArchiveCsReq,6058
RogueTournEnterScRsp,6028
RogueTournReviveCostUpdateScNotify,6011
RogueTournLeaveCsReq,6068
RogueTournResetPermanentTalentCsReq,6066
RogueTournLeaveScRsp,6098
RogueTournWeekChallengeUpdateScNotify,6078
RogueTournHandBookNotify,6020
RogueTournQueryScRsp,6018
RogueTournTakeExpRewardCsReq,6016
RogueTournReviveAvatarScRsp,6071
RogueTournBattleFailSettleInfoScNotify,6027
RogueTournEnablePermanentTalentCsReq,6057
RogueTournClearArchiveNameScNotify,6023
RogueTournEnterLayerCsReq,6072
RogueTournConfirmSettleCsReq,6091
RogueTournGetSettleInfoCsReq,6044
RogueTournEnterRogueCocoonSceneScRsp,6035
RogueTournReEnterRogueCocoonStageCsReq,6026
RogueTournEnterRoomCsReq,6033
RogueTournStartScRsp,6093
RogueTournGetPermanentTalentInfoCsReq,6088
RogueTournGetArchiveRepositoryScRsp,6052
RogueTournGetSettleInfoScRsp,6013
RogueTournConfirmSettleScRsp,6094
RogueTournQueryCsReq,6059
RogueTournReviveAvatarCsReq,6083
RogueTournAreaUpdateScNotify,6021
RogueTournExpNotify,6030
RogueTournLeaveRogueCocoonSceneCsReq,6050
RogueTournGetMiscRealTimeDataCsReq,6084
RogueTournGetPermanentTalentInfoScRsp,6092
RogueTournDeleteArchiveCsReq,6099
RogueTournLevelInfoUpdateScNotify,6055
RogueTournEnterCsReq,6047
RogueTournEnterLayerScRsp,6038
RogueTournEnterRogueCocoonSceneCsReq,6024
RogueTournEnterRoomScRsp,6029
RogueTournRenameArchiveScRsp,6056
RogueTournSettleScRsp,6069
RogueTournSettleCsReq,6039
RogueTournRenameArchiveCsReq,6048
RogueTournDeleteArchiveScRsp,6063
DoGachaInRollShopScRsp,6905
GetRollShopInfoCsReq,6914
TakeRollShopRewardCsReq,6903
DoGachaInRollShopCsReq,6913
GetRollShopInfoScRsp,6917
TakeRollShopRewardScRsp,6904
SceneEntityMoveCsReq,1418
SceneCastSkillScRsp,1449
EntityBindPropCsReq,1470
EnteredSceneChangeScNotify,1460
ReturnLastTownScRsp,1408
EnterSceneCsReq,1425
SetClientPausedScRsp,1487
GameplayCounterCountDownScRsp,1485
StartTimedFarmElementScRsp,1443
GameplayCounterRecoverScRsp,1486
RecoverAllLineupCsReq,1402
SpringRecoverCsReq,1488
GroupStateChangeCsReq,1430
DeleteSummonUnitCsReq,1450
SceneEnterStageCsReq,1411
SceneCastSkillCsReq,1458
ScenePlaneEventScNotify,1417
SetGroupCustomSaveDataScRsp,1467
EnterSectionCsReq,1492
SpringRefreshScRsp,1440
InteractPropScRsp,1437
SyncEntityBuffChangeListScNotify,1446
UpdateMechanismBarScNotify,1433
SetGroupCustomSaveDataCsReq,1490
SpringRecoverSingleAvatarScRsp,1468
GetSceneMapInfoScRsp,1481
InteractPropCsReq,1429
SetCurInteractEntityScRsp,1459
StartTimedCocoonStageScRsp,1496
SceneEntityTeleportCsReq,1484
ReEnterLastElementStageScRsp,1478
GetSpringRecoverDataScRsp,1445
RecoverAllLineupScRsp,1413
EnterSceneByServerScNotify,1434
ReEnterLastElementStageCsReq,1494
GetUnlockTeleportScRsp,1454
GroupStateChangeScNotify,1435
RefreshTriggerByClientScRsp,1466
StartCocoonStageScRsp,1406
GetCurSceneInfoCsReq,1428
GetCurSceneInfoScRsp,1441
SceneReviveAfterRebattleCsReq,1477
ReturnLastTownCsReq,1473
SetCurInteractEntityCsReq,1482
DeactivateFarmElementCsReq,1414
EnterSceneScRsp,1401
SetSpringRecoverConfigScRsp,1436
SceneGroupRefreshScNotify,1405
SceneUpdatePositionVersionNotify,1457
LastSpringRefreshTimeNotify,1448
StartTimedFarmElementCsReq,1463
SetClientPausedCsReq,1423
HealPoolInfoNotify,1410
UnlockedAreaMapScNotify,1479
SpringRecoverScRsp,1500
SavePointsInfoNotify,1409
DeactivateFarmElementScRsp,1475
SceneReviveAfterRebattleScRsp,1424
RefreshTriggerByClientCsReq,1497
GroupStateChangeScRsp,1452
UpdateFloorSavedValueNotify,1465
EnterSectionScRsp,1447
GetEnteredSceneScRsp,1444
RefreshTriggerByClientScNotify,1455
GetSpringRecoverDataCsReq,1442
ActivateFarmElementCsReq,1453
GameplayCounterCountDownCsReq,1499
ActivateFarmElementScRsp,1412
GetSceneMapInfoCsReq,1451
SceneCastSkillCostMpCsReq,1498
SetSpringRecoverConfigCsReq,1416
SyncServerSceneChangeNotify,1471
SceneCastSkillMpUpdateScNotify,1422
SceneCastSkillCostMpScRsp,1483
StartCocoonStageCsReq,1456
GetUnlockTeleportCsReq,1495
SceneEntityMoveScRsp,1474
GameplayCounterUpdateScNotify,1493
SceneEnterStageScRsp,1421
SpringRecoverSingleAvatarCsReq,1420
SpringRefreshCsReq,1462
UnlockTeleportNotify,1427
GameplayCounterRecoverCsReq,1426
EntityBindPropScRsp,1480
DeleteSummonUnitScRsp,1404
SceneEntityMoveScNotify,1489
SceneEntityTeleportScRsp,1476
StartTimedCocoonStageCsReq,1415
GetEnteredSceneCsReq,1469
GetAllServerPrefsDataScRsp,6174
UpdateServerPrefsDataScRsp,6149
GetAllServerPrefsDataCsReq,6118
GetServerPrefsDataScRsp,6137
UpdateServerPrefsDataCsReq,6158
GetServerPrefsDataCsReq,6129
TakeCityShopRewardCsReq,1558
BuyGoodsCsReq,1529
GetShopListCsReq,1518
CityShopInfoScNotify,1528
TakeCityShopRewardScRsp,1549
BuyGoodsScRsp,1537
GetShopListScRsp,1574
SpaceZooMutateScRsp,6749
SpaceZooOpCatteryScRsp,6741
SpaceZooMutateCsReq,6758
SpaceZooBornScRsp,6737
SpaceZooTakeScRsp,6783
SpaceZooExchangeItemScRsp,6746
SpaceZooExchangeItemCsReq,6757
SpaceZooTakeCsReq,6798
SpaceZooDataScRsp,6774
SpaceZooOpCatteryCsReq,6728
SpaceZooDeleteCatScRsp,6764
SpaceZooCatUpdateNotify,6789
SpaceZooDeleteCatCsReq,6719
SpaceZooDataCsReq,6718
SpaceZooBornCsReq,6729
GetStarFightDataCsReq,7162
StarFightDataChangeNotify,7166
StartStarFightLevelScRsp,7170
GetStarFightDataScRsp,7165
StartStarFightLevelCsReq,7167
StoryLineTrialAvatarChangeScNotify,6228
ChangeStoryLineFinishScNotify,6249
StoryLineInfoScNotify,6229
GetStoryLineInfoScRsp,6274
GetStoryLineInfoCsReq,6218
GetStrongChallengeActivityDataScRsp,6674
GetStrongChallengeActivityDataCsReq,6618
EnterStrongChallengeActivityStageCsReq,6629
EnterStrongChallengeActivityStageScRsp,6637
StrongChallengeActivityBattleEndScNotify,6658
SummonActivityBattleEndScNotify,7566
EnterSummonActivityStageScRsp,7570
EnterSummonActivityStageCsReq,7567
GetSummonActivityDataCsReq,7562
GetSummonActivityDataScRsp,7565
SwordTrainingRestoreGameCsReq,7476
GetSwordTrainingDataScRsp,7456
SwordTrainingGiveUpGameCsReq,7467
SwordTrainingLearnSkillScRsp,7481
SwordTrainingSetSkillTraceScRsp,7472
SwordTrainingExamResultConfirmCsReq,7488
SwordTrainingDialogueSelectOptionScRsp,7459
SwordTrainingExamResultConfirmScRsp,7480
SwordTrainingFinishEndingHintScRsp,7492
SwordTrainingTakeEndingRewardCsReq,7497
SwordTrainingResumeGameCsReq,7452
SwordTrainingStoryBattleScRsp,7475
SwordTrainingFinishEndingHintCsReq,7493
SwordTrainingGameSettleScNotify,7473
SwordTrainingResumeGameScRsp,7490
EnterSwordTrainingExamScRsp,7460
SwordTrainingSelectEndingCsReq,7457
SwordTrainingDailyPhaseConfirmCsReq,7470
SwordTrainingSetSkillTraceCsReq,7482
SwordTrainingRestoreGameScRsp,7468
SwordTrainingTurnActionScRsp,7487
SwordTrainingStartGameCsReq,7474
SwordTrainingUpdateRankScRsp,7496
SwordTrainingActionTurnSettleScNotify,7485
SwordTrainingTurnActionCsReq,7495
SwordTrainingGetSkillInfoScRsp,7465
SwordTrainingStoryConfirmScRsp,7494
SwordTrainingDialogueSelectOptionCsReq,7471
SwordTrainingSelectEndingScRsp,7477
SwordTrainingStoryBattleCsReq,7478
SwordTrainingUnlockSyncScNotify,7484
SwordTrainingRefreshPartnerAbilityCsReq,7500
SwordTrainingDailyPhaseConfirmScRsp,7462
EnterSwordTrainingExamCsReq,7491
SwordTrainingGiveUpGameScRsp,7499
SwordTrainingGetSkillInfoCsReq,7461
SwordTrainingLearnSkillCsReq,7463
SwordTrainingGameSyncChangeScNotify,7469
SwordTrainingUpdateRankCsReq,7458
SwordTrainingRefreshPartnerAbilityScRsp,7451
SwordTrainingStartGameScRsp,7466
SwordTrainingStoryConfirmCsReq,7498
GetSwordTrainingDataCsReq,7479
SwordTrainingTakeEndingRewardScRsp,7483
PlayerSyncScNotify,618
GetNpcTakenRewardScRsp,2174
TakeTalkRewardScRsp,2137
SelectInclinationTextCsReq,2119
GetNpcTakenRewardCsReq,2118
GetFirstTalkNpcScRsp,2149
TakeTalkRewardCsReq,2129
GetFirstTalkByPerformanceNpcCsReq,2189
GetFirstTalkByPerformanceNpcScRsp,2157
SelectInclinationTextScRsp,2164
FinishFirstTalkNpcCsReq,2128
FinishFirstTalkByPerformanceNpcCsReq,2146
FinishFirstTalkByPerformanceNpcScRsp,2198
GetFirstTalkNpcCsReq,2158
FinishFirstTalkNpcScRsp,2141
TelevisionActivityDataChangeScNotify,6973
GetTelevisionActivityDataScRsp,6977
EnterTelevisionActivityStageScRsp,6963
EnterTelevisionActivityStageCsReq,6965
GetTelevisionActivityDataCsReq,6974
TelevisionActivityBattleEndScNotify,6964
TextJoinQueryCsReq,3829
TextJoinSaveScRsp,3874
TextJoinQueryScRsp,3837
TextJoinBatchSaveScRsp,3849
TextJoinBatchSaveCsReq,3858
TextJoinSaveCsReq,3818
GetTrackPhotoActivityDataCsReq,7552
SettleTrackPhotoStageCsReq,7557
GetTrackPhotoActivityDataScRsp,7555
QuitTrackPhotoStageCsReq,7553
SettleTrackPhotoStageScRsp,7560
QuitTrackPhotoStageScRsp,7554
StartTrackPhotoStageCsReq,7556
StartTrackPhotoStageScRsp,7558
TakeTrainVisitorUntakenBehaviorRewardCsReq,3719
TrainVisitorRewardSendNotify,3749
GetTrainVisitorRegisterScRsp,3741
TrainVisitorBehaviorFinishScRsp,3774
GetTrainVisitorBehaviorScRsp,3737
TrainVisitorBehaviorFinishCsReq,3718
GetTrainVisitorRegisterCsReq,3728
GetTrainVisitorBehaviorCsReq,3729
ShowNewSupplementVisitorScRsp,3757
TakeTrainVisitorUntakenBehaviorRewardScRsp,3764
TrainRefreshTimeNotify,3758
ShowNewSupplementVisitorCsReq,3789
TravelBrochureSetCustomValueScRsp,6422
TravelBrochureSetPageDescStatusScRsp,6462
TravelBrochureUpdatePasterPosCsReq,6489
TravelBrochureSelectMessageScRsp,6449
TravelBrochurePageResetCsReq,6440
TravelBrochureGetDataCsReq,6418
TravelBrochureGetPasterScNotify,6446
TravelBrochureApplyPasterListScRsp,6408
TravelBrochureRemovePasterScRsp,6464
TravelBrochureGetDataScRsp,6474
TravelBrochureUpdatePasterPosScRsp,6457
TravelBrochureRemovePasterCsReq,6419
TravelBrochurePageUnlockScNotify,6429
TravelBrochureApplyPasterScRsp,6441
TravelBrochureSetCustomValueCsReq,6483
TravelBrochureApplyPasterCsReq,6428
TravelBrochureSetPageDescStatusCsReq,6491
TravelBrochurePageResetScRsp,6448
TravelBrochureSelectMessageCsReq,6458
TravelBrochureApplyPasterListCsReq,6473
QuitTreasureDungeonCsReq,4411
FightTreasureDungeonMonsterCsReq,4491
InteractTreasureDungeonGridCsReq,4440
TreasureDungeonDataScNotify,4418
OpenTreasureDungeonGridScRsp,4422
GetTreasureDungeonActivityDataScRsp,4457
UseTreasureDungeonItemScRsp,4408
QuitTreasureDungeonScRsp,4421
EnterTreasureDungeonCsReq,4446
OpenTreasureDungeonGridCsReq,4483
UseTreasureDungeonItemCsReq,4473
GetTreasureDungeonActivityDataCsReq,4489
FightTreasureDungeonMonsterScRsp,4462
TreasureDungeonFinishScNotify,4474
EnterTreasureDungeonScRsp,4498
InteractTreasureDungeonGridScRsp,4448
UnlockTutorialScRsp,1649
UnlockTutorialGuideCsReq,1628
FinishTutorialCsReq,1619
GetTutorialGuideScRsp,1637
GetTutorialCsReq,1618
FinishTutorialGuideCsReq,1689
GetTutorialGuideCsReq,1629
UnlockTutorialCsReq,1658
FinishTutorialGuideScRsp,1657
GetTutorialScRsp,1674
FinishTutorialScRsp,1664
UnlockTutorialGuideScRsp,1641
TakeChapterRewardScRsp,419
SetCurWaypointCsReq,429
SetCurWaypointScRsp,437
GetChapterScRsp,449
GetWaypointScRsp,474
GetChapterCsReq,458
WaypointShowNewCsNotify,428
TakeChapterRewardCsReq,441
GetWaypointCsReq,418
GetWolfBroGameDataScRsp,6564
StartWolfBroGameCsReq,6518
GetWolfBroGameDataCsReq,6519
WolfBroGameDataChangeScNotify,6589
RestoreWolfBroGameArchiveCsReq,6558
WolfBroGameActivateBulletScRsp,6591
StartWolfBroGameScRsp,6574
QuitWolfBroGameScRsp,6541
WolfBroGameUseBulletScRsp,6546
WolfBroGameExplodeMonsterScRsp,6540
WolfBroGamePickupBulletCsReq,6598
WolfBroGameExplodeMonsterCsReq,6562
ArchiveWolfBroGameScRsp,6537
WolfBroGamePickupBulletScRsp,6583
WolfBroGameUseBulletCsReq,6557
QuitWolfBroGameCsReq,6528
ArchiveWolfBroGameCsReq,6529
WolfBroGameActivateBulletCsReq,6522
RestoreWolfBroGameArchiveScRsp,6549