{
  "11011013": {
    "RogueRoomID": 11011013,
    "RogueRoomType": 1,
    "MapEntrance": 8040101,
    "GroupID": 0,
    "GroupWithContent": [
      75,
      74,
      76,
      189,
      190,
      181
    ],
    "NpcMonster": {
      "181": {},
      "189": {},
      "190": {},
      "74": {},
      "75": {},
      "76": {
        "200001": {
          "RogueMonsterID": 3004121,
          "NpcMonsterID": 3003053,
          "EventID": 83004121
        }
      }
    },
    "RotateInfo": {
      "IsRotate": false,
      "RotateNum": 0
    }
  },
  "11013012": {
    "RogueRoomID": 11013012,
    "RogueRoomType": 1,
    "MapEntrance": 8040301,
    "GroupID": 0,
    "GroupWithContent": [
      47,
      46,
      48
    ],
    "NpcMonster": {
      "46": {},
      "47": {},
      "48": {
        "200001": {
          "RogueMonsterID": 3003201,
          "NpcMonsterID": 3003032,
          "EventID": 83003201
        }
      }
    },
    "RotateInfo": {
      "IsRotate": false,
      "RotateNum": 0
    }
  },
  "11013013": {
    "RogueRoomID": 11013013,
    "RogueRoomType": 1,
    "MapEntrance": 8040301,
    "GroupID": 0,
    "GroupWithContent": [
      47,
      46,
      48
    ],
    "NpcMonster": {
      "46": {},
      "47": {},
      "48": {
        "200001": {
          "RogueMonsterID": 3004131,
          "NpcMonsterID": 2024021,
          "EventID": 83004131
        }
      }
    },
    "RotateInfo": {
      "IsRotate": false,
      "RotateNum": 0
    }
  },
  "11014012": {
    "RogueRoomID": 11014012,
    "RogueRoomType": 1,
    "MapEntrance": 8040401,
    "GroupID": 0,
    "GroupWithContent": [
      15,
      14,
      16,
      76
    ],
    "NpcMonster": {
      "14": {},
      "15": {},
      "16": {
        "200001": {
          "RogueMonsterID": 3003221,
          "NpcMonsterID": 3003052,
          "EventID": 83003221
        }
      },
      "76": {}
    },
    "RotateInfo": {
      "IsRotate": false,
      "RotateNum": 0
    }
  },
  "11015011": {
    "RogueRoomID": 11015011,
    "RogueRoomType": 1,
    "MapEntrance": 8040501,
    "GroupID": 0,
    "GroupWithContent": [
      28,
      27,
      29,
      78,
      79
    ],
    "NpcMonster": {
      "27": {},
      "28": {},
      "29": {
        "200001": {
          "RogueMonsterID": 3002221,
          "NpcMonsterID": 3003050,
          "EventID": 83002221
        }
      },
      "78": {},
      "79": {}
    },
    "RotateInfo": {
      "IsRotate": false,
      "RotateNum": 0
    }
  },
  "11015013": {
    "RogueRoomID": 11015013,
    "RogueRoomType": 1,
    "MapEntrance": 8040501,
    "GroupID": 0,
    "GroupWithContent": [
      28,
      27,
      29,
      78,
      79
    ],
    "NpcMonster": {
      "27": {},
      "28": {},
      "29": {
        "200001": {
          "RogueMonsterID": 3004071,
          "NpcMonsterID": 8024010,
          "EventID": 83004071
        }
      },
      "78": {},
      "79": {}
    },
    "RotateInfo": {
      "IsRotate": false,
      "RotateNum": 0
    }
  },
  "11016012": {
    "RogueRoomID": 11016012,
    "RogueRoomType": 1,
    "MapEntrance": 8040601,
    "GroupID": 0,
    "GroupWithContent": [
      11,
      10,
      12
    ],
    "NpcMonster": {
      "10": {},
      "11": {},
      "12": {
        "200001": {
          "RogueMonsterID": 3003201,
          "NpcMonsterID": 3003032,
          "EventID": 83003201
        }
      }
    },
    "RotateInfo": {
      "IsRotate": false,
      "RotateNum": 0
    }
  },
  "11017011": {
    "RogueRoomID": 11017011,
    "RogueRoomType": 1,
    "MapEntrance": 8040701,
    "GroupID": 0,
    "GroupWithContent": [
      32,
      31,
      33,
      110
    ],
    "NpcMonster": {
      "110": {},
      "31": {},
      "32": {},
      "33": {
        "200001": {
          "RogueMonsterID": 3002121,
          "NpcMonsterID": 2023010,
          "EventID": 83002121
        }
      }
    },
    "RotateInfo": {
      "IsRotate": false,
      "RotateNum": 0
    }
  },
  "11034012": {
    "RogueRoomID": 11034012,
    "RogueRoomType": 3,
    "MapEntrance": 8040401,
    "GroupID": 0,
    "GroupWithContent": [
      38,
      37,
      44,
      45,
      43,
      76
    ],
    "NpcMonster": {
      "37": {},
      "38": {},
      "43": {
        "200001": {
          "RogueMonsterID": 3000061,
          "NpcMonsterID": 1012030,
          "EventID": 83000061
        }
      },
      "44": {
        "200001": {
          "RogueMonsterID": 3000095,
          "NpcMonsterID": 3012040,
          "EventID": 83000095
        }
      },
      "45": {
        "200001": {
          "RogueMonsterID": 3000105,
          "NpcMonsterID": 3002030,
          "EventID": 83000105
        }
      },
      "76": {}
    },
    "RotateInfo": {
      "IsRotate": false,
      "RotateNum": 0
    }
  },
  "11036011": {
    "RogueRoomID": 11036011,
    "RogueRoomType": 3,
    "MapEntrance": 8040601,
    "GroupID": 0,
    "GroupWithContent": [
      32,
      37,
      31,
      39,
      38
    ],
    "NpcMonster": {
      "31": {},
      "32": {},
      "37": {
        "200001": {
          "RogueMonsterID": 3000022,
          "NpcMonsterID": 2002010,
          "EventID": 83000022
        }
      },
      "38": {
        "200001": {
          "RogueMonsterID": 3000034,
          "NpcMonsterID": 3002030,
          "EventID": 83000034
        }
      },
      "39": {
        "200001": {
          "RogueMonsterID": 3000041,
          "NpcMonsterID": 1012020,
          "EventID": 83000041
        }
      }
    },
    "RotateInfo": {
      "IsRotate": false,
      "RotateNum": 0
    }
  },
  "11037011": {
    "RogueRoomID": 11037011,
    "RogueRoomType": 3,
    "MapEntrance": 8040701,
    "GroupID": 0,
    "GroupWithContent": [
      46,
      53,
      110,
      45,
      52,
      51
    ],
    "NpcMonster": {
      "110": {},
      "45": {},
      "46": {},
      "51": {
        "200001": {
          "RogueMonsterID": 3000011,
          "NpcMonsterID": 8011020,
          "EventID": 83000011
        }
      },
      "52": {
        "200001": {
          "RogueMonsterID": 3000043,
          "NpcMonsterID": 8032020,
          "EventID": 83000043
        }
      },
      "53": {
        "200001": {
          "RogueMonsterID": 3000053,
          "NpcMonsterID": 2022110,
          "EventID": 83000053
        }
      }
    },
    "RotateInfo": {
      "IsRotate": false,
      "RotateNum": 0
    }
  },
  "11046012": {
    "RogueRoomID": 11046012,
    "RogueRoomType": 4,
    "MapEntrance": 8040601,
    "GroupID": 0,
    "GroupWithContent": [
      23,
      22,
      25,
      26
    ],
    "NpcMonster": {
      "22": {},
      "23": {},
      "25": {},
      "26": {}
    },
    "RotateInfo": {
      "IsRotate": false,
      "RotateNum": 0
    }
  },
  "11075010": {
    "RogueRoomID": 11075010,
    "RogueRoomType": 7,
    "MapEntrance": 8040501,
    "GroupID": 0,
    "GroupWithContent": [
      31,
      30,
      32,
      33,
      78,
      79
    ],
    "NpcMonster": {
      "30": {},
      "31": {},
      "32": {},
      "33": {},
      "78": {},
      "79": {}
    },
    "RotateInfo": {
      "IsRotate": false,
      "RotateNum": 0
    }
  },
  "11083013": {
    "RogueRoomID": 11083013,
    "RogueRoomType": 8,
    "MapEntrance": 8040301,
    "GroupID": 0,
    "GroupWithContent": [
      58,
      57,
      62,
      61
    ],
    "NpcMonster": {
      "57": {},
      "58": {},
      "61": {},
      "62": {}
    },
    "RotateInfo": {
      "IsRotate": false,
      "RotateNum": 0
    }
  },
  "11098060": {
    "RogueRoomID": 11098060,
    "RogueRoomType": 9,
    "MapEntrance": 8040806,
    "GroupID": 0,
    "GroupWithContent": [
      11,
      12,
      9
    ],
    "NpcMonster": {
      "11": {},
      "12": {},
      "9": {}
    },
    "RotateInfo": {
      "IsRotate": false,
      "RotateNum": 0
    }
  },
  "11101010": {
    "RogueRoomID": 11101010,
    "RogueRoomType": 10,
    "MapEntrance": 8040101,
    "GroupID": 0,
    "GroupWithContent": [
      78,
      77,
      180,
      189,
      190,
      181
    ],
    "NpcMonster": {
      "180": {},
      "181": {},
      "189": {},
      "190": {},
      "77": {},
      "78": {}
    },
    "RotateInfo": {
      "IsRotate": false,
      "RotateNum": 0
    }
  },
  "11103010": {
    "RogueRoomID": 11103010,
    "RogueRoomType": 10,
    "MapEntrance": 8040301,
    "GroupID": 0,
    "GroupWithContent": [
      134,
      133,
      135
    ],
    "NpcMonster": {
      "133": {},
      "134": {},
      "135": {}
    },
    "RotateInfo": {
      "IsRotate": false,
      "RotateNum": 0
    }
  },
  "11105010": {
    "RogueRoomID": 11105010,
    "RogueRoomType": 10,
    "MapEntrance": 8040501,
    "GroupID": 0,
    "GroupWithContent": [
      40,
      39,
      77,
      78,
      79
    ],
    "NpcMonster": {
      "39": {},
      "40": {},
      "77": {},
      "78": {},
      "79": {}
    },
    "RotateInfo": {
      "IsRotate": false,
      "RotateNum": 0
    }
  },
  "21034012": {
    "RogueRoomID": 21034012,
    "RogueRoomType": 3,
    "MapEntrance": 8040401,
    "GroupID": 0,
    "GroupWithContent": [
      56,
      61,
      55,
      62,
      63,
      76
    ],
    "NpcMonster": {
      "55": {},
      "56": {},
      "61": {
        "200001": {
          "RogueMonsterID": 3000072,
          "NpcMonsterID": 2011020,
          "EventID": 83000072
        }
      },
      "62": {
        "200001": {
          "RogueMonsterID": 3000085,
          "NpcMonsterID": 3002010,
          "EventID": 83000085
        }
      },
      "63": {
        "200001": {
          "RogueMonsterID": 3000091,
          "NpcMonsterID": 1002020,
          "EventID": 83000091
        }
      },
      "76": {}
    },
    "RotateInfo": {
      "IsRotate": false,
      "RotateNum": 0
    }
  },
  "21035011": {
    "RogueRoomID": 21035011,
    "RogueRoomType": 3,
    "MapEntrance": 8040501,
    "GroupID": 0,
    "GroupWithContent": [
      51,
      56,
      78,
      58,
      79,
      57,
      50
    ],
    "NpcMonster": {
      "50": {},
      "51": {},
      "56": {
        "200001": {
          "RogueMonsterID": 3000015,
          "NpcMonsterID": 3001020,
          "EventID": 83000015
        }
      },
      "57": {
        "200001": {
          "RogueMonsterID": 3000025,
          "NpcMonsterID": 3001010,
          "EventID": 83000025
        }
      },
      "58": {
        "200001": {
          "RogueMonsterID": 3000033,
          "NpcMonsterID": 2022040,
          "EventID": 83000033
        }
      },
      "78": {},
      "79": {}
    },
    "RotateInfo": {
      "IsRotate": false,
      "RotateNum": 0
    }
  },
  "21036012": {
    "RogueRoomID": 21036012,
    "RogueRoomType": 3,
    "MapEntrance": 8040601,
    "GroupID": 0,
    "GroupWithContent": [
      59,
      64,
      58,
      65,
      66
    ],
    "NpcMonster": {
      "58": {},
      "59": {},
      "64": {
        "200001": {
          "RogueMonsterID": 3001011,
          "NpcMonsterID": 8002060,
          "EventID": 83001011
        }
      },
      "65": {
        "200001": {
          "RogueMonsterID": 3001214,
          "NpcMonsterID": 8002080,
          "EventID": 83001214
        }
      },
      "66": {
        "200001": {
          "RogueMonsterID": 3001202,
          "NpcMonsterID": 8002080,
          "EventID": 83001202
        }
      }
    },
    "RotateInfo": {
      "IsRotate": false,
      "RotateNum": 0
    }
  },
  "21037011": {
    "RogueRoomID": 21037011,
    "RogueRoomType": 3,
    "MapEntrance": 8040701,
    "GroupID": 0,
    "GroupWithContent": [
      64,
      69,
      63,
      70,
      71,
      110
    ],
    "NpcMonster": {
      "110": {},
      "63": {},
      "64": {},
      "69": {
        "200001": {
          "RogueMonsterID": 3000021,
          "NpcMonsterID": 8001010,
          "EventID": 83000021
        }
      },
      "70": {
        "200001": {
          "RogueMonsterID": 3000035,
          "NpcMonsterID": 3002020,
          "EventID": 83000035
        }
      },
      "71": {
        "200001": {
          "RogueMonsterID": 3000045,
          "NpcMonsterID": 3001010,
          "EventID": 83000045
        }
      }
    },
    "RotateInfo": {
      "IsRotate": false,
      "RotateNum": 0
    }
  },
  "21053012": {
    "RogueRoomID": 21053012,
    "RogueRoomType": 5,
    "MapEntrance": 8040301,
    "GroupID": 0,
    "GroupWithContent": [
      68,
      67,
      72,
      71
    ],
    "NpcMonster": {
      "67": {},
      "68": {},
      "71": {},
      "72": {}
    },
    "RotateInfo": {
      "IsRotate": false,
      "RotateNum": 0
    }
  },
  "21055011": {
    "RogueRoomID": 21055011,
    "RogueRoomType": 5,
    "MapEntrance": 8040501,
    "GroupID": 0,
    "GroupWithContent": [
      42,
      41,
      44,
      45,
      78,
      79
    ],
    "NpcMonster": {
      "41": {},
      "42": {},
      "44": {},
      "45": {},
      "78": {},
      "79": {}
    },
    "RotateInfo": {
      "IsRotate": false,
      "RotateNum": 0
    }
  },
  "21056012": {
    "RogueRoomID": 21056012,
    "RogueRoomType": 5,
    "MapEntrance": 8040601,
    "GroupID": 0,
    "GroupWithContent": [
      32,
      31,
      34,
      35
    ],
    "NpcMonster": {
      "31": {},
      "32": {},
      "34": {},
      "35": {}
    },
    "RotateInfo": {
      "IsRotate": false,
      "RotateNum": 0
    }
  },
  "21087011": {
    "RogueRoomID": 21087011,
    "RogueRoomType": 8,
    "MapEntrance": 8040701,
    "GroupID": 0,
    "GroupWithContent": [
      54,
      57,
      58,
      55,
      110
    ],
    "NpcMonster": {
      "110": {},
      "54": {},
      "55": {},
      "57": {},
      "58": {}
    },
    "RotateInfo": {
      "IsRotate": false,
      "RotateNum": 0
    }
  },
  "31033012": {
    "RogueRoomID": 31033012,
    "RogueRoomType": 3,
    "MapEntrance": 8040301,
    "GroupID": 0,
    "GroupWithContent": [
      78,
      77,
      84,
      85,
      86
    ],
    "NpcMonster": {
      "77": {},
      "78": {},
      "84": {
        "200001": {
          "RogueMonsterID": 3000065,
          "NpcMonsterID": 3001020,
          "EventID": 83000065
        }
      },
      "85": {
        "200001": {
          "RogueMonsterID": 3000095,
          "NpcMonsterID": 3012040,
          "EventID": 83000095
        }
      },
      "86": {
        "200001": {
          "RogueMonsterID": 3000102,
          "NpcMonsterID": 8002010,
          "EventID": 83000102
        }
      }
    },
    "RotateInfo": {
      "IsRotate": false,
      "RotateNum": 0
    }
  },
  "31046012": {
    "RogueRoomID": 31046012,
    "RogueRoomType": 4,
    "MapEntrance": 8040601,
    "GroupID": 0,
    "GroupWithContent": [
      50,
      49,
      53,
      52
    ],
    "NpcMonster": {
      "49": {},
      "50": {},
      "52": {},
      "53": {}
    },
    "RotateInfo": {
      "IsRotate": false,
      "RotateNum": 0
    }
  },
  "41043013": {
    "RogueRoomID": 41043013,
    "RogueRoomType": 4,
    "MapEntrance": 8040301,
    "GroupID": 0,
    "GroupWithContent": [
      88,
      87,
      92,
      91
    ],
    "NpcMonster": {
      "87": {},
      "88": {},
      "91": {},
      "92": {}
    },
    "RotateInfo": {
      "IsRotate": false,
      "RotateNum": 0
    }
  },
  "41081013": {
    "RogueRoomID": 41081013,
    "RogueRoomType": 8,
    "MapEntrance": 8040101,
    "GroupID": 0,
    "GroupWithContent": [
      116,
      120,
      119,
      189,
      190,
      115,
      181
    ],
    "NpcMonster": {
      "115": {},
      "116": {},
      "119": {},
      "120": {},
      "181": {},
      "189": {},
      "190": {}
    },
    "RotateInfo": {
      "IsRotate": true,
      "RotateNum": 4
    }
  },
  "41085011": {
    "RogueRoomID": 41085011,
    "RogueRoomType": 8,
    "MapEntrance": 8040501,
    "GroupID": 0,
    "GroupWithContent": [
      60,
      59,
      62,
      63,
      78,
      79
    ],
    "NpcMonster": {
      "59": {},
      "60": {},
      "62": {},
      "63": {},
      "78": {},
      "79": {}
    },
    "RotateInfo": {
      "IsRotate": true,
      "RotateNum": 3
    }
  },
  "51053012": {
    "RogueRoomID": 51053012,
    "RogueRoomType": 5,
    "MapEntrance": 8040301,
    "GroupID": 0,
    "GroupWithContent": [
      114,
      113,
      115,
      116
    ],
    "NpcMonster": {
      "113": {},
      "114": {},
      "115": {},
      "116": {}
    },
    "RotateInfo": {
      "IsRotate": false,
      "RotateNum": 0
    }
  },
  "51086012": {
    "RogueRoomID": 51086012,
    "RogueRoomType": 8,
    "MapEntrance": 8040601,
    "GroupID": 0,
    "GroupWithContent": [
      68,
      67,
      70,
      71
    ],
    "NpcMonster": {
      "67": {},
      "68": {},
      "70": {},
      "71": {}
    },
    "RotateInfo": {
      "IsRotate": false,
      "RotateNum": 0
    }
  },
  "61047011": {
    "RogueRoomID": 61047011,
    "RogueRoomType": 4,
    "MapEntrance": 8040701,
    "GroupID": 0,
    "GroupWithContent": [
      100,
      102,
      103,
      99,
      110
    ],
    "NpcMonster": {
      "100": {},
      "102": {},
      "103": {},
      "110": {},
      "99": {}
    },
    "RotateInfo": {
      "IsRotate": false,
      "RotateNum": 0
    }
  }
}