{
  "activityVideoKeyInfoList": [
    {
      "id": 1469,
      "videoKey":241776966068444439
    },
    {
      "id": 1468,
      "videoKey":243439557040221346
    },
    {
      "id": 1467,
      "videoKey":243894077401789163
    },
    {
      "id": 1466,
      "videoKey":249185002378037195
    },
    {
      "id": 1465,
      "videoKey":246802633937521565
    },
    {
      "id": 1464,
      "videoKey":245212306895602657
    }
  ],
  "videoKeyInfoList": [
    {
      "id": 2840,
      "videoKey":244092763752996232
    },
    {
      "id": 2820,
      "videoKey":248625551380108298
    },
    {
      "id": 2810,
      "videoKey":247261081504312595
    },
    {
      "id": 2800,
      "videoKey":248938008875768462
    },
    {
      "id": 2780,
      "videoKey":244439622922577829
    },
    {
      "id": 2770,
      "videoKey":246051323254195028
    },
    {
      "id": 3450,
      "videoKey":237689986129106790
    },
    {
      "id": 3440,
      "videoKey":231040457830830785
    },
    {
      "id": 3430,
      "videoKey":232260122024246980
    },
    {
      "id": 3423,
      "videoKey":8457148526473258
    },
    {
      "id": 3422,
      "videoKey":5468123285486451
    },
    {
      "id": 3421,
      "videoKey":5462123842135478
    },
    {
      "id": 3420,
      "videoKey":228177996495904555
    },
    {
      "id": 3400,
      "videoKey":226145011383676756
    },
    {
      "id": 3380,
      "videoKey":226339597272160909
    },
    {
      "id": 3370,
      "videoKey":228876296055950321
    },
    {
      "id": 3360,
      "videoKey":222027364234029918
    },
    {
      "id": 3350,
      "videoKey":223724045306752686
    },
    {
      "id": 3340,
      "videoKey":221820607074529598
    },
    {
      "id": 3330,
      "videoKey":222765989463606432
    },
    {
      "id": 3320,
      "videoKey":221612330630189081
    },
    {
      "id": 3300,
      "videoKey":226379362923231903
    },
    {
      "id": 3296,
      "videoKey":226016975882573124
    },
    {
      "id": 3293,
      "videoKey":223781654220355157
    },
    {
      "id": 3292,
      "videoKey":225690413994247882
    },
    {
      "id": 3291,
      "videoKey":221111467705011077
    },
    {
      "id": 3290,
      "videoKey":223730966657489665
    },
    {
      "id": 3280,
      "videoKey":2561596943881963
    },
    {
      "id": 3270,
      "videoKey":8879370645472013
    },
    {
      "id": 3260,
      "videoKey":2097603869107987
    },
    {
      "id": 2440,
      "videoKey":90220927
    },
    {
      "id": 2420,
      "videoKey":90220927
    },
    {
      "id": 1222,
      "videoKey":14220714
    },
    {
      "id": 2580,
      "videoKey":12230627
    },
    {
      "id": 3410,
      "videoKey":226629515328462310
    },
    {
      "id": 1221,
      "videoKey":14220714
    },
    {
      "id": 3140,
      "videoKey":20231023
    },
    {
      "id": 3180,
      "videoKey":20231025
    },
    {
      "id": 1190,
      "videoKey":14220714
    },
    {
      "id": 3130,
      "videoKey":20230828
    },
    {
      "id": 3160,
      "videoKey":20230828
    },
    {
      "id": 1170,
      "videoKey":14220714
    },
    {
      "id": 3110,
      "videoKey":20230828
    },
    {
      "id": 420,
      "videoKey":16231009
    },
    {
      "id": 3294,
      "videoKey":226143830717446289
    },
    {
      "id": 1304,
      "videoKey":13230706
    },
    {
      "id": 3050,
      "videoKey":20230828
    },
    {
      "id": 411,
      "videoKey":16231009
    },
    {
      "id": 3030,
      "videoKey":15230830
    },
    {
      "id": 410,
      "videoKey":16231009
    },
    {
      "id": 390,
      "videoKey":16231009
    },
    {
      "id": 400,
      "videoKey":16231009
    },
    {
      "id": 2,
      "videoKey":60220919
    },
    {
      "id": 320,
      "videoKey":11230119
    },
    {
      "id": 1240,
      "videoKey":14220714
    },
    {
      "id": 3230,
      "videoKey":1603427538481255
    },
    {
      "id": 2450,
      "videoKey":90220919
    },
    {
      "id": 100,
      "videoKey":12230601
    },
    {
      "id": 3,
      "videoKey":62220927
    },
    {
      "id": 3010,
      "videoKey":15230830
    },
    {
      "id": 3301,
      "videoKey":20231030
    },
    {
      "id": 101,
      "videoKey":12230601
    },
    {
      "id": 2790,
      "videoKey":246545439617325153
    },
    {
      "id": 4,
      "videoKey":62220927
    },
    {
      "id": 2720,
      "videoKey":15230830
    },
    {
      "id": 3302,
      "videoKey":20231030
    },
    {
      "id": 1224,
      "videoKey":14220714
    },
    {
      "id": 370,
      "videoKey":16231009
    },
    {
      "id": 1223,
      "videoKey":14220714
    },
    {
      "id": 350,
      "videoKey":16231009
    },
    {
      "id": 330,
      "videoKey":16231009
    },
    {
      "id": 3240,
      "videoKey":5468538194758078
    },
    {
      "id": 1,
      "videoKey":60220919
    },
    {
      "id": 2620,
      "videoKey":13230602
    },
    {
      "id": 2690,
      "videoKey":152627772856900393
    },
    {
      "id": 302,
      "videoKey":16230928
    },
    {
      "id": 2630,
      "videoKey":13230615
    },
    {
      "id": 2460,
      "videoKey":90220927
    },
    {
      "id": 3120,
      "videoKey":20230828
    },
    {
      "id": 3150,
      "videoKey":20230828
    },
    {
      "id": 1160,
      "videoKey":71220919
    },
    {
      "id": 3100,
      "videoKey":20231023
    },
    {
      "id": 5,
      "videoKey":62220927
    },
    {
      "id": 21,
      "videoKey":70220927
    },
    {
      "id": 2640,
      "videoKey":14220714
    },
    {
      "id": 1180,
      "videoKey":14220714
    },
    {
      "id": 3170,
      "videoKey":20230828
    },
    {
      "id": 8,
      "videoKey":70220919
    },
    {
      "id": 2530,
      "videoKey":11230119
    },
    {
      "id": 3295,
      "videoKey":228245290738848433
    },
    {
      "id": 310,
      "videoKey":71220927
    },
    {
      "id": 1230,
      "videoKey":14220714
    },
    {
      "id": 3220,
      "videoKey":7306477623361936
    },
    {
      "id": 340,
      "videoKey":16231009
    },
    {
      "id": 3250,
      "videoKey":6314041275143045
    },
    {
      "id": 360,
      "videoKey":16231009
    },
    {
      "id": 380,
      "videoKey":16231009
    },
    {
      "id": 2480,
      "videoKey":90220927
    },
    {
      "id": 301,
      "videoKey":16230928
    },
    {
      "id": 102,
      "videoKey":12230601
    },
    {
      "id": 2490,
      "videoKey":90220927
    },
    {
      "id": 361,
      "videoKey":16231009
    },
    {
      "id": 2550,
      "videoKey":12230627
    },
    {
      "id": 2560,
      "videoKey":12230525
    },
    {
      "id": 2570,
      "videoKey":12230525
    },
    {
      "id": 2660,
      "videoKey":156397899772859046
    },
    {
      "id": 2670,
      "videoKey":15230830
    },
    {
      "id": 2680,
      "videoKey":15230830
    },
    {
      "id": 3297,
      "videoKey":226176734478057044
    },
    {
      "id": 2302,
      "videoKey":13230706
    },
    {
      "id": 2700,
      "videoKey":152111961889945746
    },
    {
      "id": 2303,
      "videoKey":248355998312614299
    },
    {
      "id": 3298,
      "videoKey":224840882074509280
    },
    {
      "id": 2701,
      "videoKey":154116505903655817
    },
    {
      "id": 2710,
      "videoKey":15230830
    },
    {
      "id": 2730,
      "videoKey":13230602
    },
    {
      "id": 2740,
      "videoKey":13230602
    },
    {
      "id": 2750,
      "videoKey":13230602
    },
    {
      "id": 2760,
      "videoKey":13230602
    },
    {
      "id": 3020,
      "videoKey":153981252653192903
    },
    {
      "id": 3040,
      "videoKey":20230828
    },
    {
      "id": 3060,
      "videoKey":20231023
    },
    {
      "id": 3070,
      "videoKey":20230828
    },
    {
      "id": 3080,
      "videoKey":20230828
    },
    {
      "id": 3090,
      "videoKey":20230828
    },
    {
      "id": 1200,
      "videoKey":14220714
    },
    {
      "id": 3190,
      "videoKey":6934685122749340
    },
    {
      "id": 3390,
      "videoKey":221521859429205755
    },
    {
      "id": 7,
      "videoKey":62220927
    },
    {
      "id": 3191,
      "videoKey":9082263766138238
    },
    {
      "id": 1210,
      "videoKey":14220714
    },
    {
      "id": 16,
      "videoKey":70220919
    },
    {
      "id": 3200,
      "videoKey":9030866044638228
    },
    {
      "id": 1220,
      "videoKey":14220714
    },
    {
      "id": 3210,
      "videoKey":6363892035972617
    }
  ]
}